key,en,th
TITLE,Tafiya Tare,ทาฟิยา ทาเร
PLAY_BUTTON,New game,เล่นใหม่
OPTION_BUTTON,Option,ตั้งค่า
CREDIT_BUTTON,Credits,เครดิต
QUIT_BUTTON,Quit,ออก
BY,by,โดย
CLOSE_BUTTON,Close,ปิด
OPTION_SENSITIVITY,Sensitivity,ความไวกล้อง
OPTION_BGM,Background Music,เพลง
OPTION_SFX,Sound Effect,เสียงเอฟเฟ็กต์
OPTION_LANGUAGE,Language,ภาษา
CHOOSE_CHAR_TITLE,Choose your Character,เลือกตัวละครของคุณ
CHOOSE_CHAR_DESC,The character that you want to start your Journey,ตัวละครที่คุณต้องการเริ่มต้นการเดินทางของคุณ
SELECT_FM,Select Sophia,เลือก โซเฟีย
SELECT_M,Select Joker,เลือก โจ๊กเกอร์
BACK_BUTTON,Back,ย้อนกลับ
PAUSE_TITLE,Pause,หยุดเกม
RESUME_BUTTON,Resume,เล่นต่อ
BACK_TO_MENU_BUTTON,Back to menu,กลับไปหน้าเมนู
CONTINUE_BUTTON,Continue,ต่อไป
PLAYER_DIALOGE_NAME,Player,ผู้เล่น
DIALOGE_1_1,"Hello, Traveler!",สวัสดี นักเดินทาง!
DIALOGE_1_2,"Everyone has their own destination... so, what is it that you desire?",ทุกคนย่อมมี จุดหมาย เป็นของตนเอง... แล้วคุณหล่ะ ปรารถนาสิ่งใด
DIALOGE_1_3,How much do you want it?,คุณต้องการมากแค่ไหน?
DIALOGE_1_4,I want it very much,ต้องการมาก
DIALOGE_1_5,How confident are you in yourself?,คุณมั่นใจในตนเองมากแค่ไหน?
DIALOGE_1_6,I am most confident,มั่นใจมากที่สุด
DIALOGE_1_7,"Believe in your goals and in yourself. Anything can happen, as long as there is still a tomorrow to use!",จงเชื่อในเป้าหมายและตัวของคุณเอง อะไรก็เกิดขึ้นได้ หากพรุ่งนี้ยังมีให้ใช้!
DIALOGE_1_TEXT_PLACEHOLDER,Write down your goals...,เขียนเป้าหมายของคุณ...
DIALOGE_2_1,What is this statue?,นี้มันเป็นรูปปั้นอะไรกัน?
DIALOGE_2_2,It looks like it's a symbol of the City of Faith,ดูเหมือนว่ามันจะเป็นสัญลักษณ์ของ เมืองแห่งศรัทธา
TIME_MORNING,Morning,ตอนเช้า
TIME_DAY,Day,กลางวัน
TIME_AFTERNOON,Afternoon,ตอนเย็น
TIME_NIGHT,Night,กลางคืน
ON_INTERACTION_AVALABLE,Press E to interact,กด E เพื่อโต้ตอบ
ON_INTERACTION_CAR,Press E to drive,กด E เพื่อขับรถ
ON_INTERACTION_COLLECT,Press E to collect,กด E เพื่อเก็บ
OPTION_CINEMATIC,Cutscene,คัตซีน
CAR_FUEL,Fuel,น้ำมัน
OPTION_MAX_FPS,Max FPS,จำนวนเฟรมสูงสุด
BUTTON_REPORT_BUG,Report BUG,รานงานปัญหา
VILLAGER_BEN,Ben,เบ็น
UI_MONEY_INDICATOR,Money,เงิน
ON_INTERACTION_COLLECT_TRASH,Press E to clean up,กด E เพื่อเก็บขยะ
ON_SCENE_LOADING,Loading,กำลังโหลด
ON_INTERACTION_BUY_FUEL,Press E to buy fuel,กด E เพื่อชื้อน้ำมัน
UI_CINEMATIC_SKTP,Press ESC to skip,กด ESC เพื่อข้าม
ON_LOAD_CONTENT_CINEMATIC,Loading cinematic,กำลังโหลด คัตซีน
BUTTON_SAVE,Save,บันทึก
BUTTON_LOAD,Load game,เล่นต่อ
OPTION_AUTO_SAVE,Autosave,บันทึกอัตโนมัติ
TIME_SECOND,Second,วินาที
UI_CREDIT_SOUND,Sound,เสียง
UI_CREDIT_FONT,Font,ฟอนต์
UI_HELP_HINT,Press H to show controls,กด H เพื่อแสดงการควบคุม
TITLE_CONTROL,Controls,การควบคุม
CONTROL_W,Move forward,เดินหน้า
CONTROL_A,Move left,เดินไปทางซ้าย
CONTROL_S,Move backward,ถอยหลัง
CONTROL_D,Move right,เดินไปทางขวา
CONTROL_E,Interaction,โต้ตอบ
CONTROL_H,Show control,แสดงการควบคุม
CONTROL_M,Open map,เปิดแผนที่
CONTROL_ESC,Pause game,หยุดเกมชั่วคราว
CONTROL_MOUSE_SCROLL,Mouse scroll,ลูกกลิ้งเมาส์
CONTROL_ZOOM_CAMERA,Zoom camera in/out,ซูมกล้องเข้า/ออก
UI_CONTROL_HIDE,Press H to hide,กด H เพื่อซ่อน
CONTROL_ALT,Show cursor,แสดงเคอร์เซอร์
ON_INTERACTION_VIEW,Press E to view,กด E เพื่อดู
UI_IMAGE_VIEW_CLOSE,Press E to close,กด E เพื่อปิด
SUBMIT_BUTTON,Submit,ส่ง
TEXTAREA_PLACEHOLDER,Type something...,เขียนอะไรสักอย่าง...
MINIGAME_LEVEL_1_TITLE,Let it out,ปล่อยมันออกมา
MINIGAME_LEVEL_1_LIMIT_PLAY,The statue can only be used once,สามารถใช้รูปปั้นได้แค่ครั้งเดียวเท่านั้น
LICENSE_BUTTON,License,ใบอนุญาต
UI_MAP_CANT_MOVE,You can't move while open the map,คุณไม่สามารถขยับตัวได้ขณะที่เปิดแผนที่อยู่
UI_MAP_GOAL,Goal,เป้าหมาย
ON_INTERACTION_SLEEP,Press E to sleep,กด E เพื่อนอน
ON_INTERACTION_ADD_INGREDIENT,Press E to add ingredient,กด E เพื่อเพิ่มส่วนผสม
ON_INTERACTION_COOK,Press E to cook,กด E เพื่อปรุงอาหาร
COOKING_POT_COOKING,Cooking,กำลังทำอาหาร
ON_INTERACTION_FOOD_COLLECT,Press E to collect food,กด E เพื่อเก็บอาหาร
COOKING_POT_WAITING_INGREDIENT,Waiting for ingredient,กำลังรอส่วนผสม
ON_AREA_ENTERED_BASE_LEVEL,A rest stop,จุดพักรถแห่งหนึ่ง
ON_AREA_ENTERED_LEVEL_1,Faith & Trust Village,หมู่บ้านแห่งศรัทธา
ON_AREA_ENTERED_LEVEL_2,Producer Village,หมู่บ้านผู้ผลิต
ON_AREA_ENTERED_LEVEL_3,Bon Appétit Village,หมู่บ้านอาหาร
ON_AREA_ENTERED_LEVEL_4,Art Joker Village,ศิลปินลิ้นปล้น
ON_AREA_ENTERED_LEVEL_5,Stronger Village,หมู่บ้านผู้แข็งแกร่ง
ON_AREA_ENTERED_LEVEL_6,Aqua Home,สะดือทะเล
ON_AREA_ENTERED_LEVEL_7,The Cave,ถ้ำแห่งหนึ่ง
ON_AREA_ENTERED_LEVEL_7_DOWN,Foothills of Desire,ตีนเขาแห่งความปรารถนา
ON_AREA_ENTERED_LEVEL_7_UP,Peak of Desire,ยอดเขาแห่งความปรารถนา
INTERACTION_FAIL_NEED_MONEY,You need more money,คุณต้องการเงินเพิ่ม
INTERACTION_FAIL_ONLY_SLEEP_AT_NIGHT,You can only slepp at night,คุณสามารถนอนได้เฉพาะตอนกลางคืนเท่านั้น
INTERACTION_FAIL_NO_INGREDIENT,Add more ingredient,เพิ่มส่วนผสมเพิ่มเติม
WELCOME_HEADSET_RECOMMEND,Use headphone for better experience,ใช้หูฟังเพื่อประสบการณ์การฟังที่ดีกว่า
DIALOGE_BASE_1_1,"Hee hee... The elixir of immortality... Eternal life... Everyone wants it, right? You too?",ฮี่ๆ... น้ำอมฤต... ชีวิตนิรันดร์... ใครๆ ก็อยากได้มันทั้งนั้นแหละ เอ็งเองก็เหมือนกันใช่ไหม?
DIALOGE_BASE_1_2,.....,.....
DIALOGE_BASE_1_3,"Look up that mountain. Everyone's just trampling and scrambling to get up there, leaving behind a trail of carelessness on both sides of the path. Nobody cares if the ground is dry or the water is polluted.",มองขึ้นไปบนเขานั่นสิ ทุกคนเอาแต่เหยียบย่ำแย่งชิงกันขึ้นไป ทิ้งเศษซากความมักง่ายไว้เต็มสองข้างทาง ไม่มีใครสนหรอกว่าดินจะแห้ง หรือน้ำจะเสีย
DIALOGE_BASE_1_4,"Drive up there. Take those hopeful people with you, but remember my words.",ขับรถขึ้นไปสิ พาพวกคนที่มีความหวังติดรถเอ็งไปด้วย แต่จงจำคำข้าไว้ให้ดีนะ
DIALOGE_BASE_1_5,"Even if you live for a million years, if the world you live in dies, immortality is just a curse.",ต่อให้เอ็งมีชีวิตอยู่ไปเป็นล้านปี แต่ถ้าโลกที่เอ็งอยู่มันตายไปแล้ว ความอมตะนั่นมันก็คือคำสาปดีๆ นี่เอง
NPC_STRANGER,Stranger,คนแปลกหน้า
QUEST_STARTED_LEVEL_1,Investigate the parking area for fuel before we push to the next village,ตรวจสอบบริเวณที่จอดรถเพื่อเติมน้ำมันก่อนที่เราจะเดินทางไปยังหมู่บ้านถัดไป
QUEST_STARTED_LEVEL_2,Talk to the people in the village and find out about the statue,พูดคุยกับชาวบ้านและหาข้อมูลเกี่ยวกับรูปปั้นนั้น
NPC_VILLAGER,Villager,ชาวบ้าน
DIALOGE_V1_1_1,Zzz... The road is long... better catch some Z's... Zzz...,Zzz... หนทางอีกไกล... ขอนอนหวา... Zzz...
NPC_LEADER,Village Leader,ผู้นำหมู่บ้าน
DIALOGE_V1_2_1,Do you see that bewildered-looking stone statue over there? That's our village's statue of faith.,เห็นรูปปั้นหินหน้าตามึนๆ ที่ตั้งอยู่ตรงนั้นไหม? นั่นคือ รูปปั้นแห่งศรัทธา ประจำหมู่บ้านของเรา
DIALOGE_V1_2_2,"Yes, I saw it. I thought it was just decoration. What does it do?",เห็นสิพี่ ผมนึกว่าของตกแต่งซะอีก มันทำอะไรได้เหรอ?
DIALOGE_V1_2_3,"It's not just any ordinary stone, you know. If you go and talk to it, tell it your travel goals, the statue will randomly grant you a magical item for free to help you on your journey. That's all. Try talking to it!",มันไม่ใช่หินธรรมดานะเว้ย ถ้าเอ็งเดินเข้าไปคุยด้วย เล่าเป้าหมายการเดินทางของเอ็งให้มันฟัง รูปปั้นจะสุ่มประทาน ของวิเศษ ให้เอ็งฟรีๆ เพื่อช่วยในการเดินทาง เท่านั้นนะ ลองไปคุยดูสิ
DIALOGE_V1_3_1,"Hey boss! I heard you're planning to speed up to the summit of Mount Wish, huh?",ไงลูกพี่! ทรงนี้ ได้ข่าวว่าจะซิ่งขึ้นไปบน ยอดเขาแห่งความปรารถนา สินะ?
DIALOGE_V1_3_2,"Yes, that's right. I'm heading there now.",ใช่แล้วล่ะ กำลังจะมุ่งหน้าไปเลย
DIALOGE_V1_3_3,Great! Then can I hitch a ride with you?,แจ๋ว! งั้นข้าขอติดรถขึ้นไปด้วยคนได้ไหม?
DIALOGE_V1_3_4,"Well... at first I was planning to show off my skills and just walk there myself, without needing anyone's ride. But I've dreamed of going up there for a long time. If I walk, my legs'll probably fall off before I get there! Let me tag along, boss!",คือ... ตอนแรกข้าก็กะจะโชว์สเต็ปเดินลุยไปเอง ไม่ง้อรถใครหรอกนะ แต่ข้ามีความใฝ่ฝันว่าจะขึ้นไปที่นั่นมานานมากแล้ว ขืนเดินไปมีหวังขาหลุดก่อนถึงแน่ๆ ให้ข้าติดไปด้วยเถอะลูกพี่!
DIALOGE_V1_3_5,"Haha, sure thing, youngsters! Jump on the back of the truck!",ฮ่าๆ ได้เลยวัยรุ่น กระโดดขึ้นหลังรถเลย!
DIALOGE_V1_3_6,"Thanks a lot, boss! I promise I won't wobble and lose control of the car. Alright, let's go!",แต๊งกิ้วมากลูกพี่! รับรองว่าข้าไม่ดิ้นจนรถเสียศูนย์แน่นอน เอ้า ลุยยยย!
DIALOGE_V1_4_1,"Hello! You've driven quite a distance in your pickup truck, haven't you? Are you heading to the Peak of Wishes?",สวัสดีจ้ะ! ขับรถกระบะมาไกลเลยสิคะเนี่ย จะมุ่งหน้าไป ยอดเขาแห่งความปรารถนา ใช่ไหมเอ่ย?
DIALOGE_V1_4_2,Yes... the road through this village is beautiful. It looks very peaceful.,ใช่ครับ... ทางผ่านหมู่บ้านนี้สวยดีนะ ดูสงบมากเลย
DIALOGE_V1_4_3,"Thank you! We all help take care of the trees and keep the area clean, that's why the village is so lush and green.",ขอบคุณจ้ะ! พวกเราช่วยกันดูแลต้นไม้และรักษาความสะอาดกันน่ะ หมู่บ้านมันก็เลยดูร่มรื่นแบบนี้แหละ
DIALOGE_V1_4_4,"Lately, I've seen a lot of people driving past the mountaintop. Everyone must be trying to find the Elixir of Immortality, right?",ช่วงนี้เห็นคนขับรถผ่านไปยอดเขากันเยอะแยะเลย ใครๆ ก็คงอยากไปหา บ่อน้ำอมฤต กันทั้งนั้นเนาะ
DIALOGE_V1_4_5,Why don't you try soaking in that magical water?,แล้วเธอไม่อยากไปลองแช่น้ำวิเศษนั่นดูบ้างเหรอ?
DIALOGE_V1_4_6,"Haha, no thanks. I've heard the legend since I was a kid, but I think being immortal would be terribly lonely. For me, just waking up and living peacefully in this village, with lovely neighbors and breathing the fresh air, is enough to make me happy; I wouldn't want to be immortal at all.",ฮ่าๆ ไม่ล่ะจ้ะ ฉันเองก็เคยฟังตำนานมาตั้งแต่เด็กนะ แต่ฉันคิดว่าการมีชีวิตอยู่เป็นอมตะมันคงจะเหงาแย่เลย สำหรับฉัน แค่ได้ตื่นมาใช้ชีวิตสงบๆ ในหมู่บ้านนี้ มีเพื่อนบ้านที่น่ารัก ได้สูดอากาศบริสุทธิ์ แค่นี้ฉันก็มีความสุขจนไม่อยากเป็นอมตะแล้วล่ะจ้ะ
DIALOGE_V1_4_7,That's a really great perspective!,เป็นมุมมองที่ดีมากเลยนะเนี่ย
DIALOGE_V1_4_8,"Get plenty of rest, have a safe journey, and good luck with what you're looking for!",พักผ่อนให้เต็มที่นะจ๊ะ เดินทางปลอดภัย และขอให้โชคดีกับสิ่งที่ตามหานะ!
DIALOGE_V1_5_1,"Ugh... I'm already tired just standing here breathing, man.",เฮ้อ... แค่ยืนหายใจเฉยๆ ก็เหนื่อยแล้วว่ะพี่
DIALOGE_V1_5_2,"Oh, then why don't you go find a seat?",อ้าว แล้วทำไมไม่เดินไปหาที่นั่งล่ะ?
DIALOGE_V1_5_3,I'm too lazy to move. Just leave me standing here like a vegetable. It's nice and chill.,ขี้เกียจก้าวขาไง ปล่อยข้ายืนเปื่อยเป็นผักอยู่นี่แหละ ชิวดี
DIALOGE_V1_6_1,Doesn't that waterfall ever get lazy? It flows all day and all night.,พี่ว่าน้ำตกนี่มันไหลตกลงมาทั้งวันทั้งคืน มันไม่ขี้เกียจบ้างรึไงวะ?
DIALOGE_V1_6_2,That's just the nature of water. Why are you getting so worked up for it?,มันเป็นธรรมชาติของน้ำนี่ นายจะไปเหนื่อยแทนมันทำไม?
DIALOGE_V1_6_3,"Well, I was bored, man...",ก็คนมันว่างอะพี่...
DIALOGE_V1_6_4,But whatever. Just thinking about the answer is exhausting. I'll just sit here moping like a stone.,แต่ช่างเถอะ แค่คิดหาคำตอบข้าก็เหนื่อยละ ขอนั่งซึมเป็นก้อนหินต่อไปละกัน
DIALOGE_NEED_NPC_1,"We're about to leave this village, but the back of the pickup truck is still completely empty.",จะออกจากหมู่บ้านนี้แล้วแฮะ แต่กระบะหลังยังโล่งโจ้งอยู่เลย
DIALOGE_NEED_NPC_2,"The journey to the mountaintop is not short, traveling alone would be terribly lonely, and besides, we don't know what we'll encounter along the way.",หนทางไปยอดเขาก็ไม่ใช่ใกล้ๆ เดินทางคนเดียวมันคงจะเหงาแย่ แถมทางข้างหน้าก็ไม่รู้จะเจออะไรบ้าง
DIALOGE_NEED_NPC_3,"Since I've come all this way, I should try asking a local to hitch a ride with me in search of the elixir of immortality... I should go back and ask again!",อุตส่าห์แวะมาทั้งที น่าจะมีชาวบ้านจากที่นี่ติดรถไปตามหาน้ำอมฤตด้วยกันสักคนนะ... ลองเดินกลับไปชวนดูอีกรอบดีกว่า!
VERSION,Version,เวอร์ชั่น
LOAD_SELECTION_TITLE,Continue Journey,เดินทางต่อ
LOAD_SELECTION_DECS,Your journey is safely recorded whenever you rest at a village,การเดินทางของคุณจะถูกบันทึกไว้อย่างปลอดภัย ทุกครั้งที่แวะพักในหมู่บ้าน
DELETE_ALL_SAVE_BUTTON,Delete all save,ลบข้อมูลทั้งหมด
REST_STOP_DATA,A rest stop,จุดพักรถแห่งหนึ่ง
FNT_DATA,Faith & Trust Village,หมู่บ้านแห่งศรัทธา
PRODUCER_DATA,Producer Village,หมู่บ้านผู้ผลิต
BON_APPETIT_DATA,Bon Appétit Village,หมู่บ้านอาหาร
ART_JOKER_DATA,Art Joker Village,ศิลปินลิ้นปล้น
STRONGER_DATA,Stronger Village,หมู่บ้านผู้แข็งแกร่ง
AQUA_HOME_DATA,Aqua Home,สะดือทะเล
THE_CAVE_DATA,The Cave,ถ้ำแห่งหนึ่ง
PEAK_OF_DESIRE_DATA,Peak of Desire,ยอดเขาแห่งความปรารถนา
FOOT_OF_DESIRE_DATA,Foothills of Desire,ตีนเขาแห่งความปรารถนา
CONFIRM_DELETE_SAVE_TITLE,Confirm Delete Save,ยืนยันการลบข้อมูล
CONFIRM_DELETE_SAVE_DECS,Are you sure you want to delete all save file? This action cannot be undone,คุณแน่ใจหรือไม่ว่าต้องการลบข้อมูลการเล่นทั้งหมด? การดำเนินการนี้ไม่สามารถย้อนกลับได้
CONFIRM_BUTTON,Confirm,ยืนยัน
ON_INTERACTION_WASH_BODY,Press E to wash body,กด E เพื่ออาบน้ำ
CONTROL_U,Hide HUD,ช่อน HUD
FUEL_COLLECT_NOTIFY,The fuel tank has been refilled,เติมน้ำมันลงถังเรียบร้อย
FOOD_COLLECT_NOTIFY,Packed food supplies into bag,เก็บเสบียงอาหารลงกระเป๋าเรียบร้อย
WASH_BODY_NOTIFY,Body feels clean and refreshed now,ร่างกายสะอาดและสดชื่นขึ้นแล้ว
OPTION_WINDOWS_MODE,Window Mode,โหมดหน้าต่าง
WINDOWS_MODE_MAXIMIZED,Maximized,เต็มจอแบบไร้ขอบ
WINDOWS_MODE_WINDOWED,Windowed,แบบหน้าต่าง
WINDOWS_MODE_FULLSCREEN,Fullscreen,เต็มจอ
OPTION_VSYNC,VSync,วีซิงค์
DIALOGE_V2_1_1,"Hey bro, wanna hitch a ride to the mountaintop?",เฮ้ น้องชาย สนใจติดรถไปยอดเขาด้วยกันไหม?
DIALOGE_V2_1_2,"The Peak of Truth, huh? Sounds interesting!",ยอดเขาแห่งสัจธรรมน่ะเหรอ? น่าสนนะ!
DIALOGE_V2_1_3,"Yes, it's a long journey. It would be better if we went together.",ใช่ ทางมันไกล ไปด้วยกันน่าจะดีกว่า
DIALOGE_V2_1_4,Then I'll come too!,งั้นผมขอไปด้วย!
DIALOGE_V2_1_5,"Great! Climb into the back of the pickup truck, kid!",เยี่ยมเลย ขึ้นท้ายกระบะมาเลยน้อง!
QUEST_STARTED_LEVEL_3,Explore the village and help the villagers plant rice,สำรวจหมู่บ้านและช่วยวชาวบ้านปลูกข้าว
QUEST_STARTED_LEVEL_4,Gather ingredients in the village to prepare a special meal for the village leader,ตามหาวัตถุดิบในหมู่บ้านมาทำอาหารมื้อพิเศษให้ผู้นำหมู่บ้าน
ON_INTERACTION_PICKLE,Press E to pickle,กด E เพื่อดองอาหาร
JAR_PICKLING,Pickling,กำลังดองอาหาร
INTERACTION_FAIL_NO_DISH_TO_SUBMIT_LEVEL_3,Need a dish to submit,ต้องการอาหารเพื่อส่ง
ON_INTERACTION_SUBMIT_QUEST_LEVEL_3,Press E to submit dish,กด E เพื่อส่งอาหาร
NPC_CHEF,Chef,เชฟประจำหมู่บ้าน
DIALOGE_V3_1_1,"Hey! You young man over there! We have plenty of fresh ingredients in our village, but we're short on people to help cook. Can you help me prepare some food?",เฮ้! พ่อหนุ่มตรงนั้นน่ะ! วัตถุดิบสดๆ ในหมู่บ้านเรามีเพียบเลย แต่คนช่วยทำอาหารไม่พอ เอ็งมาช่วยข้าปรุงอาหารหน่อยได้ไหม?
DIALOGE_V3_1_2,"Sure thing, Chef! But the road to the mountaintop is still long... So, how about I help you cook in exchange for a gallon of oil to fill up my pickup truck?",ได้เลยเชฟ! แต่หนทางไปยอดเขายังอีกไกล... งั้นขอช่วยทำอาหารแลกกับน้ำมันสักแกลลอนไปเติมรถกระบะได้ไหม?
DIALOGE_V3_1_3,"Haha, that's fair! We have plenty of oil. If you cook something delicious that I like, I'll fill up the whole tank for you!",ฮ่าๆ ยุติธรรมดี! น้ำมันน่ะมีเยอะแยะ ถ้าเอ็งทำอาหารออกมาได้อร่อยถูกใจ ข้าจะจัดน้ำมันให้เต็มถังเลย
DIALOGE_V3_1_4,Okay! Get the equipment ready!,ตกลง! เตรียมอุปกรณ์ให้พร้อมเลย!
DIALOGE_V3_2_1,Let me see... Hey! This food is burnt!,ไหนดูสิ... เฮ้ย! นี่มันอาหารไหม้นี่นา!
DIALOGE_V3_2_2,"This is so burnt, who would want to eat it!",ไหม้เกรียมขนาดนี้ ใครจะไปกินลง!
DIALOGE_V3_2_3,And what about the fuel for my pickup truck?,แล้วเรื่องน้ำมันรถกระบะผมล่ะครับ?
DIALOGE_V3_2_4,Go fix it properly first! Then come get the oil!,ไปทำมาใหม่ให้ดีก่อน! แล้วค่อยมาเอาน้ำมัน!
DIALOGE_V3_3_1,"Wow! That smells amazing! You're a pretty good cook, young man.",โอ้โห! กลิ่นหอมฉุยเลย ฝีมือการปรุงไม่เลวนี่ไอ้หนุ่ม
DIALOGE_V3_3_2,I'm sure the locals will love it.,รับรองว่าชาวบ้านต้องชอบแน่ๆ ครับ
DIALOGE_V3_3_3,"Thanks a lot for coming to help! Here... a full gallon of gas, just as promised.",ขอบใจเอ็งมากที่มาช่วย! เอ้า... นี่น้ำมันเต็มแกลลอนตามที่สัญญาไว้
DIALOGE_V3_3_4,"Thanks, Chef! Now I have the fuel. My car is ready to tackle the mountaintop!",ขอบคุณครับเชฟ! ได้น้ำมันแล้ว รถผมพร้อมลุยขึ้นยอดเขาต่อเลย
DIALOGE_V3_3_5,"Have a safe journey! Good luck, young man!",เดินทางปลอดภัยล่ะ! โชคดีนะไอ้หนุ่ม!
COOKING_POT_DESERT_COOKING,Cooking desert,กำลังทำของหวาน
ON_INTERACTION_COOK_DESERT,Press E to make desert,กด E เพื่อทำของหวาน
DIALOGE_V3_4_1,That smells so good! Is there some kind of party going on around here?,กลิ่นหอมจังเลยครับพี่ แถวนี้เขามีงานเลี้ยงอะไรกันเหรอ?
DIALOGE_V3_4_2,Food is our soul!,อาหารคือจิตวิญญาณของพวกเรา!
DIALOGE_V3_4_3,Come on... eating this stew will give you the energy to drive your car through the mountaintop!,มาสิ... กินสตูว์หม้อนี้รับรองมีแรงขับรถพุ่งทะลุยอดเขาแน่!
DIALOGE_V3_5_1,"Wow, the cabbage plants in this village are huge!",ผักกาดหมู่บ้านนี้ต้นใหญ่จังเลยนะครับพี่!
DIALOGE_V3_5_2,certain!,แน่นอน!
DIALOGE_V3_5_3,The soil here is good because we all help to make our own fertilizer.,ดินที่นี่ดีเพราะพวกเราช่วยกันหมักปุ๋ยเอง
DIALOGE_V3_5_4,"Want to grab a fresh vegetable to eat on the train, young man?",สนใจเอาผักสดๆ ไปกินบนรถสักหัวไหมไอ้หนุ่ม?
DIALOGE_V3_5_5,"No, thank you. I have a long drive ahead of me, and I'm afraid it might spoil before I get there.",ไม่เอาดีกว่าครับ พอดีผมต้องขับรถอีกไกล กลัวมันจะเน่าเสียก่อน
DIALOGE_V3_6_1,"Hey brother! You drove a long way, didn't you? How are you? Any back or waist pain?",ไงพี่ชาย! ขับรถมาไกลล่ะสิ เป็นไงบ้าง ปวดหลังปวดเอวไหม?
DIALOGE_V3_6_2,So what are you busy doing right now?,แล้วตอนนี้กำลังยุ่งทำอะไรอยู่ล่ะนั่น?
DIALOGE_V3_6_3,"Things are going alright, sir. Right now I'm exploring the village and stocking up on supplies for the rest of the journey.",ก็เรื่อยๆ ครับพี่ ตอนนี้กำลังเดินสำรวจหมู่บ้านหาของไปตุนไว้เดินทางต่อครับ
DIALOGE_V3_6_4,Great! Your health always comes first.,ดีเลย! ร่างกายต้องมาก่อนเสมอ
DIALOGE_V3_6_5,"Don't forget to eat well and make time to stretch! Come on... keep going, brother! If you're tired, you can always join us for yoga!",อย่าลืมกินอาหารดีๆ แล้วหาเวลายืดเส้นยืดสายบ้างล่ะ เอ้า... สู้ๆ นะพี่ชาย! เหนื่อยก็มาเล่นโยคะกับพวกเราได้เสมอ!
DIALOGE_V3_7_1,"Hello, sir! The vegetables and fruits in this village look so fresh and delicious!",สวัสดีครับพี่! ผักผลไม้หมู่บ้านนี้ดูสดน่ากินมากเลย
DIALOGE_V3_7_2,"Of course! Grown with natural compost... By the way, are you going to the mountaintop? Can I hitch a ride with you?",แน่นอน! ปลูกด้วยปุ๋ยหมักธรรมชาติจ้ะ... ว่าแต่จะไปยอดเขาใช่ไหม? ขอติดรถไปด้วยคนสิ!
DIALOGE_V3_7_3,"Okay, sir! But what are you going to do up there?",ได้ครับพี่! แต่จะขึ้นไปทำอะไรบนนั้นเหรอ?
DIALOGE_V3_7_4,I'm going in search of some mysterious ultimate ingredient. I'll take care of the supplies and make sure you have plenty of stretches to relieve your back pain along the way!,จะไปตามหาสุดยอดวัตถุดิบลึกลับน่ะ เดี๋ยวรับหน้าที่ดูแลเสบียงและพายืดเส้นยืดสายแก้ปวดหลังให้ตลอดทางเอง!
DIALOGE_V3_7_5,"Awesome! Jump in the back of the truck, man!",แจ๋วเลยครับ! กระโดดขึ้นท้ายกระบะมาเลยพี่!
QUEST_STARTED_LEVEL_5,Br$&#^ewing#^(& poti@%*ons for h^&(unter&))s,%^&*@!*%#(%*!@% ปรุ%$งยาให้^@&กับนัก$%*%!ล่า
ON_INTERACTION_COLLECT_FLOWER,Press E to collect flower,กด E เพื่อเก็บดอกไม้
ON_INTERACTION_SUBMIT_QUEST_LEVEL_4,Press E to add flower,กด E เพื่อใส่ดอกไม้
DIALOGE_V4_1_1,"Flower...","ดอกไม้..."
DIALOGE_V4_1_2,"That hunter only comes out when it's dark...","เจ้านักล่านั่นมันจะออกมาตอนฟ้ามืดเท่านั้น..."
DIALOGE_V4_1_3,You need to have your masterpiece ready.,ต้องเตรียมผลงานชิ้นเอกให้พร้อม
DIALOGE_V4_2_1,Hey! You!,เฮ้ย! เอ็งน่ะ
DIALOGE_V4_2_2,"Go brew some Returning Potion me!",ไปปรุง ยาวนกลับ มาให้ข้าที
DIALOGE_V4_2_3,"Every time I throw a boomerang, it flies off into the forest and never comes back to me!",ขว้างบูมเมอแรงทีไร ปลิวหายเข้าป่าไม่เคยกลับมาหาข้าเลย!
DIALOGE_V4_2_4,"Okay, sir. Wait a moment, I'll go brew it for you.",ได้ครับพี่ รอเดี๋ยวผมไปปรุงมาให้
DIALOGE_V4_3_1,My spear has missed its target ten times already!,หอกข้ามันแทงพลาดเป้ามาสิบหนแล้ว!
DIALOGE_V4_3_2,"Hurry up and brew some Pineapple Eye Potion for me to drink right now!",เอ็งรีบไปปรุง  ยาตาสับปะรด มาให้ข้าซดเดี๋ยวนี้!
DIALOGE_V4_3_3,Pineapple Eye Potion?,ยาตาสับปะรด?
DIALOGE_V4_3_4,"Sure thing, sir!",จัดไปครับพี่
DIALOGE_V4_4_1,My axe is too heavy!,ขวานข้ามันหนักเกินไป
DIALOGE_V4_4_2,My back hurts every time I lift it!,ยกทีไรปวดหลังทุกที!
DIALOGE_V4_4_3,"Go find me some Lightweight Potion!",ไปหา ยาตัวเบาหวิว มาให้ข้าหน่อย
DIALOGE_V4_4_4,I'll swing my axe like a whirlwind!,ข้าจะควงขวานเป็นพายุเลย!
DIALOGE_V4_4_5,"Be careful, sir, you might get blown away with both you and your axe... I'll go brew it for you.",ระวังควงแล้วปลิวไปทั้งคนทั้งขวานนะครับพี่... เดี๋ยวผมไปปรุงให้
INTERACTION_FAIL_TOO_MUCH_FLOWER,You can hold up to 1 flower,สามารถเก็บดอกไม้ได้สูงสุด 1 ดอก
INTERACTION_FAIL_NEED_MORE_FLOWER,Need flowerr,ต้องการดอกไม้เพื่อปรุงยา
ON_INTERACTION_POTION_COLLECT,Press E to collect potion,กด E เพื่อเก็บยา
BREWING_A_POTION,Brewing a potion,กำลังปรุงยา
DIALOGE_V4_QUEST_FAIL_1,This is not the potion I need.,นี้ไม่ใช่ยาที่ข้าต้องการ
DIALOGE_V4_QUEST_FAIL_2,"Try showing it to someone else, maybe it's theirs.",ลองเอาไปให้คนอื่นดูสิ เผื่อว่าจะเป็นของเค้า
DIALOGE_V4_REWARD_QUEST_1,Take your prize and get out of my way!,เอารางวัลของเอ็งไป แล้วหลีกทางข้าซะ!
DIALOGE_V4_REWARD_QUEST_2,I've placed the reward at the potion-making area.,ข้าตั้งรางวัลไว้ตรงที่ปรุงยาแล้ว
DIALOGE_V4_QUEST_DONE_1_1,"Here you go, the medicine I ordered!",นี่ครับ ยาวนกลับ ที่สั่งไว้!
DIALOGE_V4_QUEST_DONE_1_2,"Haha, thanks! This time my boomerang won't end up in the forest!",ฮ่าๆ ขอบใจ! คราวนี้บูมเมอแรงข้าไม่หายเข้าป่าแน่!
DIALOGE_V4_QUEST_DONE_2_1,"The pineapple eye medicine is ready, sir.",ยาตาสับปะรด เสร็จเรียบร้อยครับพี่
DIALOGE_V4_QUEST_DONE_2_2,Awesome! My eyes lit up! I can aim right through the tree with ease!,แจ๋ว! ตาข้าสว่างวาบ เล็งเป้าทะลุต้นไม้ได้สบาย!
DIALOGE_V4_QUEST_DONE_3_1,I've prepared a potion to help you feel light as a feather.,ผมปรุง ยาตัวเบาหวิว มาให้แล้วครับ
DIALOGE_V4_QUEST_DONE_3_2,Perfect! Watch me wield my axe like a storm!,สมบูรณ์แบบ! ดูข้าควงขวานเป็นพายุได้เลย!
INTERACTION_SUBMIT_QUEST_LEVEL_4,Press E to submit the mission.,กด E ส่งภารกิจ
INTERACTION_FAIL_NEED_POTION,Need a potion to submit,ต้องการยาเพื่อส่ง
INTERACTION_FAIL_MAX_POTION_LIMIT,You can hold up to 1 potion,เก็บยาได้สูงสุด 1 ขวด
DIALOGE_V4_5_1,The leader is driving up to the highest point of interest; want to hitch a ride?,ผมกำลังจะขับรถขึ้นไปยอดเขา สนใจติดรถไปด้วยกันไหมครับ?
DIALOGE_V4_5_2,"Hmph! You're quite bold to invite someone like me... But whatever, I'm bored anyway and wanted to find a place up there to try out my bizarre sword techniques.",หึ! เอ็งกล้าดีนี่ที่มาชวนคนอย่างข้า... แต่ก็เอาเถอะ ข้ากำลังเบื่อและอยากไปหาที่ลองกระบวนท่าดาบพิสดารของข้าบนนั้นอยู่พอดี
DIALOGE_V4_5_3,"Uh... sure, sir. Just hop in the back of the pickup truck.",เอ่อ... ได้เลยครับพี่ กระโดดขึ้นท้ายกระบะมาเลย
DIALOGE_V4_5_4,"Move aside! I'm getting in the carriage! I hope there's something strange on the mountaintop for me to try my hand at slashing with... Even if my sword breaks, I don't care! Haha!",หลีกทางไป! ข้าจะขึ้นรถแล้ว! หวังว่าบนยอดเขาจะมีอะไรแปลกๆ ให้ข้าลองฟันเล่นนะ... ถึงฟันแล้วดาบข้าจะหัก ข้าก็ไม่สนหรอก ฮ่าๆๆ!
ON_INTERACTION_GOING_UP,Press E to go to the top,กด E เพื่อขึ้นไปด้านบน
ON_INTERACTION_GOING_DOWN,Press E to go down,กด E เพื่อลงไปด้านล่าง
ON_INTERACTION_PLANT,Press E to plant,กด E เพื่อปลูก
ON_INTERACTION_COLLECT_SEED,Press E to collect seed,กด E เพื่อเก็บเมล็ด
INTERACTION_FAIL_NEED_SEED,Need a seed to plant,ต้องการเมล็ดเพื่อปลูก
SEED_COLLECT_NOTIFY,The seeds have been collected and placed in the bag,เก็บเมล็ดใส่กระเป้าแล้ว
SEED_GROWING,Growing,กำลังเจริญเติบโต
ON_INTERACTION_HARVEST,Press E to harvest,กด E เพื่อเก็บเกี่ยว
DIALOGE_PLANT_ROTTEN_1,Is there something wrong with the soil around here?,ทำไมปลูกเท่าไหร่ก็ไม่ขึ้นเลยเนี่ย... เหี่ยวตายหมดเลย
DIALOGE_PLANT_ROTTEN_2,Is there something wrong with the soil around here?,ดินแถวนี้มันมีปัญหาอะไรหรือเปล่านะ?
DIALOGE_PLANT_ROTTEN_3,I guess we'll have to try consulting with the farmers on the local side,สงสัยต้องลองไปปรึกษาชาวบ้านฝั่งเกษตรกรดูแล้วล่ะ
DIALOGE_V2_2_1,"Oh no, they've all withered and died!",อ้าว เหี่ยวตายเกลี้ยงเลยเรอะ!
DIALOGE_V2_2_2,Don't worry. The soil here is too acidic. Nothing will grow here.,ไม่ต้องตกใจไป ดินตรงนี้มันเปรี้ยวเกินไปน่ะ ปลูกอะไรก็ไม่ขึ้นหรอก
DIALOGE_V2_2_3,"Wow... Is there any way to fix this, sir?",โห... แล้วแบบนี้พอจะมีวิธีแก้ไหมครับพี่?
DIALOGE_V2_2_4,Yes!,มีสิ!
DIALOGE_V2_2_5,Why don't you try climbing that baobab tree and asking the robots up there? They might have some lime powder that you can use to improve the soil. Try asking them!,เอ็งลองปีนต้นเบาบับขึ้นไปหาพวก หุ่นยนต์ ข้างบนดู พวกนั้นน่าจะมี ผงปูนขาว ที่เอามาโรยปรับสภาพดินได้ ลองไปขอพวกมันดูนะ!
DIALOGE_V2_2_6,They probably have some lime powder that you can use to improve the soil. Try asking them for some!,พวกนั้นน่าจะมี ผงปูนขาว ที่เอามาโรยปรับสภาพดินได้ ลองไปขอพวกมันดูนะ!
DIALOGE_V2_3_1,"Hello, Mr. Robot. The soil in my vegetable garden is too acidic; everything I plant dies. The villagers suggested I ask you for some lime powder.",สวัสดีครับคุณหุ่นยนต์ พอดีแปลงผักข้างล่างดินมันเปรี้ยวเกินไป ปลูกอะไรก็ตายหมด ชาวบ้านเลยแนะนำให้มาขอ ผงปูนขาว จากคุณครับ
DIALOGE_V2_3_2,Beep! Problem acknowledged... We have calculated and dispensed the lime powder for soil conditioning. You can now spread it on your planting area.,ปิ๊บ! รับทราบปัญหา... ทำการคำนวณและจ่าย ผงปูนขาว สำหรับปรับสภาพดินให้คุณเรียบร้อยแล้ว นำไปโรยที่แปลงปลูกได้เลย
DIALOGE_V2_3_3,Thank you so much! I'll sprinkle it on right away.,ขอบคุณมากครับ! เดี๋ยวผมรีบเอาลงไปโรยเลย
DIALOGE_V2_4_1,"Welcome to the producers' village, young man! I heard you just came from the village of faith. Interested in trying your hand at farming?",ยินดีต้อนรับสู่หมู่บ้านนักผลิตนะไอ้หนุ่ม! ได้ยินว่าเพิ่งมาจากหมู่บ้านศรัทธาล่ะสิ สนใจมาลองทำนาดูไหม?
DIALOGE_V2_4_2,Here... take these rice seeds and try planting them. Our rice fields are open for everyone to use for free.,เอานี่... รับเมล็ดข้าวพวกนี้ไปลองปลูกดูสิ ที่นาของเราเปิดให้คนนอกใช้ได้ฟรีเลยนะ
DIALOGE_V2_4_3,"Thank you, sir! Should I sow these in that empty plot of land over there?",ขอบคุณครับพี่! ให้ผมเอาไปหว่านลงแปลงดินว่างๆ ตรงนู้นเลยใช่ไหมครับ?
DIALOGE_V2_4_4,"Yes! And once you've harvested the rice, please take it and give it to our village chief.",ใช่เลย! แล้วพอเอ็งปลูกจนเก็บเกี่ยวผลผลิตได้แล้ว รบกวนช่วยเอาข้าวไปมอบให้ หัวหน้าหมู่บ้าน ของเราหน่อยนะ
DIALOGE_V2_4_5,"No problem, sir! I'll make sure to plant them and they grow well!",ไม่มีปัญหาครับพี่! เดี๋ยวผมจัดการปลูกให้งอกงามเลย!
DIALOGE_BOT_NAME,Robot,หุ่นยนต์
POON_POWDER_COLLECT,Received the lime powder,ได้รับผงปูนขาวแล้ว
ON_INTERACTION_SPRINKLE_LIME_POWDER,Press E to sprinkle lime powder,กด E เพื่อโปรยผงปูนขาว
DIALOGE_REPAIR_SOIL_1,Phew... Finally finished sprinkling the lime powder. Hopefully this helps...,ฟู่... โรยผงปูนขาวเสร็จสักที หวังว่าจะช่วยได้นะ...
DIALOGE_REPAIR_SOIL_2,Wow! The soil looks so much better now!,โอ้โห! สีของดินดูดีขึ้นมาทันตาเห็นเลยนี่นา
DIALOGE_REPAIR_SOIL_3,"With this setup, the rice seeds should grow easily. Let's try planting them!",แบบนี้เมล็ดข้าวต้องโตได้สบายแน่ๆ ลองลงมือปลูกกันเลยดีกว่า!
DIALOGE_V2_5_1,"Hey! Help me fetch some rice, please.",เอ็งนะ! ช่วยไปลูกข้าวให้ข้าหน่อย
DIALOGE_V2_5_2,"If I've finished growing and harvesting the crop, what should I do next?",ถ้าผมปลูกจนเก็บเกี่ยวได้แล้วต้องทำยังไงต่อครับ?
DIALOGE_V2_5_3,Bring the produce to me here.,เอาผลผลิตมาส่งให้ข้าที่นี่แหละ
DIALOGE_V2_5_4,"Make it happen, and I'll have a reward prepared for you!",ทำให้สำเร็จล่ะ แล้วข้าจะมีรางวัลเตรียมไว้ให้!
DIALOGE_QUEST_DONE_V2_1,Here are the rice stalks that have been harvested. It was exhausting planting them!,นี่ครับรวงข้าวที่เก็บเกี่ยวมาได้ กว่าจะปลูกขึ้นเล่นเอาเหนื่อยเลยครับ!
DIALOGE_QUEST_DONE_V2_2,Wow! The produce is beautiful!,โอ้โห! ผลผลิตสวยงามมาก!
DIALOGE_QUEST_DONE_V2_3,"You've probably learned how to solve problems by now, haven't you? Remember... focusing only on the result and forgetting the process might prevent you from reaching your goal.",เอ็งคงได้เรียนรู้วิธีแก้ปัญหามาแล้วสินะ จำไว้ล่ะ... การมองแค่ผลลัพธ์จนลืมวิธีการ อาจทำให้เราไปไม่ถึงเป้าหมายก็ได้นะ
DIALOGE_QUEST_DONE_V2_4,"Yes, luckily we also got lime powder from the robotics side to help adjust the soil conditions.",ใช่ครับ โชคดีที่ได้ผงปูนขาวจากฝั่งหุ่นยนต์มาช่วยปรับสภาพดินให้ด้วย
DIALOGE_QUEST_DONE_V2_5,Thanks a lot for your thoughtfulness! Here... take this gallon of fuel and fill up your pickup truck. Consider it a reward from me. Good luck on your journey!,ขอบใจมากสำหรับความตั้งใจ! เอ้านี่... รับน้ำมันแกลลอนนี้ไปเติมรถกระบะซะ ถือเป็นรางวัลจากข้า ขอให้เอ็งโชคดีกับการเดินทางนะ!
INTERACTION_FAIL_NEED_RICE,Need rice for submit,ต้องการข้าวเพื่อส่ง
DIALOGE_V2_6_1,"The fields here look so fertile, sir.",แปลงเพาะปลูกที่นี่ดูอุดมสมบูรณ์มากเลยนะครับพี่
DIALOGE_V2_6_2,That's right!,ใช่แล้วล่ะ!
DIALOGE_V2_6_3,"If we take good care of the soil and nature, nature will reward us with good results in return...",ถ้าเราดูแลดินและธรรมชาติดีๆ ธรรมชาติก็จะให้ผลผลิตที่ดีตอบแทนเราเองแหละ...
DIALOGE_V2_6_4,Have a safe journey up the mountain!,เดินทางขึ้นเขาปลอดภัยนะ!
DIALOGE_V2_7_1,The handicrafts in this village look so cool and unique!,ของประดิษฐ์ในหมู่บ้านนี้ดูเท่และแปลกตาจังเลยนะครับ
DIALOGE_V2_7_2,"Of course! We love taking old scraps and turning them into new things. Here, there's no such thing as trash, young man!",แน่นอนสิ! พวกเราชอบเอาเศษวัสดุเก่าๆ มาประกอบเป็นของใช้ใหม่น่ะ สำหรับที่นี่ไม่มีคำว่า ขยะ หรอกนะไอ้หนุ่ม!
BUTTON_CLICK_AGAIN_FOR_SURE,Press again to confirm,กดอีกครั้งเพื่อยืนยัน
QUEST_STARTED_LEVEL_8,Ascend to the mountaintop,ขึ้นไปสู่บนยอดเขา
QUEST_STARTED_LEVEL_9,Explore this area and gather the elixir of immortality to achieve your goal,สำรวจบริเวณนี้และแซ่น้ำอมฤตเพื่อบรรลุเป้าหมาย
SIRAPHOP_CREDIT,Siraphop Sukchu,สิรภพ สุขชู
TARAWADE_CREDIT,Tharawadee Srion,ธาราวดี ศรีอ่อน
PHANSORN_CREDIT,Phatsorn Thongnuanin,พรรษสรณ์ ทองนวลอินทร์
ANURAK_CREDIT,Anukarak Panbun,อนุกรักษ์ บานบุญ
PROJECT_LEADER_CREDIT,Project Leader,หัวหน้าโครงการ
PROJECT_ADVISOR_CREDIT,Project Advisor,ที่ปรึกษาโครงการ
LEAD_PROGRAMER_CREDIT,Lead Programmer,โปรแกรมเมอร์
GAME_DESIGNER_CREDIT,Game Designer,ออกแบบเกม
LEAD_3D_MODEL_CREDIT,Lead 3D Modeller,ปั้นโมเดล 3 มิติ
ARTIST_CREDIT,Artist,ศิลปิน
SUPPORT_CREDIT,Supported By,ได้รับการสนับสนุนจาก
TAHANKYOU_CREDIT,Thank you for playing,ขอบคุณสำหรับการเล่น
SUPPORT_CREDIT_1,National Science and Technology Development Agency (NSTDA),สำนักงานพัฒนาวิทยาศาสตร์และเทคโนโลยีแห่งชาติ (สวทช.)
SUPPORT_CREDIT_2,28th Thailand National Software Contest (NSC 2026),การแข่งขันพัฒนาโปรแกรมคอมพิวเตอร์แห่งประเทศไทย ครั้งที่ 28
SUPPORT_CREDIT_3,Hatyaiwittayalai School,โรงเรียนหาดใหญ่วิทยาลัย
ENDING_CINEMATIC_TEXT_1,"Finally, we've reached our destination...",ถึงจุดหมายปลายทางในที่สุด...
ENDING_CINEMATIC_TEXT_2,"Recalling the first day we began our journey, solely for the sake of immortality.",หวนนึกถึงวันแรกที่เริ่มเดินทางเพียงเพื่อความอมตะ
ENDING_CINEMATIC_TEXT_3,"Along the way, we met many people and experienced diverse perspectives.",ระหว่างทางได้พบผู้คนมากมายและมุมมองที่หลากหลาย
ENDING_CINEMATIC_TEXT_4,We went through various stories and became fellow travelers.,ผ่านเรื่องราวต่างๆ และกลายเป็นเพื่อนร่วมเส้นทาง
ENDING_CINEMATIC_TEXT_5,This taught us that... longevity is more valuable than immortality.,จนทำให้รู้ว่า...ความยั่งยืนมีค่ากว่าความอมตะ
ENDING_CINEMATIC_TEXT_6,Together... we can go far.,เราไปด้วยกัน... จึงไปได้ไกล
QUEST_STARTED_LEVEL_6,Explore the beach and chat with the village leader,สำรวจริมชายหาดและคุยกับผู้นำหมู่บ้าน
DIALOGE_V5_1_1,Hey kid!,เฮ้ยน้องชาย!
DIALOGE_V5_1_2,"Going to drive up the mountain, huh? There's still space in the back of your truck! Let me hitch a ride!",จะขับรถไต่ขึ้นยอดเขาสินะ ท้ายกระบะยังว่างนี่ ขอพี่ติดไปด้วยคนดิ!
DIALOGE_V5_1_3,"Sure thing, boss! But the road ahead is really steep and bumpy. Are you sure you can handle it?",ได้เลยครับพี่! แต่ทางข้างหน้ามันชันและเหวี่ยงแรงมากนะ พี่จะไหวเหรอ?
DIALOGE_V5_1_4,"Haha, I never get carsick!",ฮ่าๆ ระดับพี่ไม่มีเมารถ!
DIALOGE_V5_1_5,"I'll do push-ups in the back to keep you balanced. And if we hit any big pieces of trash, I'll get out and help you lift them!",เดี๋ยวพี่จะคอยวิดพื้นถ่วงน้ำหนักอยู่ท้ายกระบะให้เอง แถมถ้าเจอขยะชิ้นใหญ่ขวางทาง เดี๋ยวพี่ลงไปช่วยยกอัปกล้ามเนื้อให้ด้วย!
DIALOGE_V5_1_6,"So strong! Having you in the back makes me feel much safer. Jump in, boss!",แข็งแกร่งจัด! มีพี่อยู่ท้ายรถค่อยอุ่นใจหน่อย กระโดดขึ้นมาเลยครับลูกพี่!
DIALOGE_V5_2_1,"Wow... Grandma, your arm muscles are bigger than my thighs!",โห... คุณยายครับ กล้ามแขนยายใหญ่กว่าต้นขาผมอีกนะครับเนี่ย!
DIALOGE_V5_2_2,"Of course, grandson!",แน่นอนสิไอ้หลาน!
DIALOGE_V5_2_3,"If you want to live to the top of that mountain, you have to do a thousand squats a day!",ถ้าอยากมีชีวิตยืนยาวไปถึงยอดเขานั่น ก็ต้องสควอทวันละพันครั้ง!
DIALOGE_V5_2_4,Hey... what are you standing there for? Get down and do some push-ups!,เอ้า... มัวยืนเซ่อทำไม ลงไปวิดพื้นเดี๋ยวนี้!
DIALOGE_V5_3_1,Everyone here looks so strong and muscular!,คนที่นี่ดูแข็งแรงล่ำบึ้กกันทุกคนเลยนะครับเนี่ย
DIALOGE_V5_3_2,"Haha, if your body is weak, where will you get the strength to protect this world, young man?",ฮ่าๆ ถ้าร่างกายอ่อนแอ แล้วจะเอาแรงที่ไหนไปดูแลปกป้องโลกใบนี้ล่ะไอ้หนุ่ม!
DIALOGE_V5_3_3,"To live a long life, you have to build it yourself, you don't need to wait for an elixir of immortality!",อยากอายุยืนมันต้องสร้างเอง ไม่ต้องรอกินน้ำอมฤตหรอกเว้ย!
DIALOGE_V5_4_1,Don't they get hurt throwing coconut crabs at each other like that?,เขาโยนปูมะพร้าวใส่กันแบบนั้น ไม่เจ็บแย่เหรอครับ?
DIALOGE_V5_4_2,Of course they do! But the secret is to tense your abdominal muscles to absorb the impact!,เจ็บสิ! แต่เคล็ดลับคือต้องเกร็งกล้ามท้องรับแรงกระแทกไงล่ะ
DIALOGE_V5_4_3,That's our village's quick fix for a six-pack!,นี่แหละวิธีปั้นซิกแพคฉบับเร่งด่วนของหมู่บ้านเรา!
INTRO_CC_1,"Once upon a time,",กาลครั้งหนึ่งนานมาแล้ว
INTRO_CC_2,all living things must die.,ทุกสิ่งมีชีวิตล้วนก็ต้องตาย
INTRO_CC_3,The time has come.,ถึงเวลาแล้วสินะ
INTRO_CC_4,A man immersed himself in a hot spring.,ชายผู้หนึ่งหย่อนตัวลงแซ่ออนเซ็น
INTRO_CC_5,But he discovered that,แต่เค้ากลับพบว่า
INTRO_CC_6,he wasn't dead yet...,นี้เค้ายังไม่ตาย...
INTRO_CC_7,What kind of madness is this?,นี้มันเรื่องบ้าอะไรกัน
INTRO_CC_8,This mountaintop has the elixir of immortality!,ยอดภูเขาแห่งนี้มีน้ำอมฤต!
QUEST_STARTED_LEVEL_7,Explore this village and find the oil,สำรวจหมู่บ้านนี้และหาน้ำมันให้เจอ
ON_INTERACT_WRENCH_TIRE,Press E to upgrade the car's speed,กด E เพื่ออัพเกรดความเร็วรถ
TIRE_UPGRADE_NOTIFY,The car has been upgraded,รถได้รับการอัพเกรดแล้ว
DIALOGE_MT_1_1,"The climb up the mountain is incredibly steep, kid!",ทางขึ้นเขามันชันโหดมากนะไอ้หนุ่ม!
DIALOGE_MT_1_2,But you've been helping to pick up trash and taking care of the villagers all the way... Now it's our turn to repay you!,แต่เอ็งอุตส่าห์ช่วยเก็บขยะและดูแลชาวบ้านมาตลอดทาง... ตาพวกเราตอบแทนบ้างล่ะ!
DIALOGE_MT_1_3,Wow... You even upgraded my car's engine for free!?,โห... พี่ช่วยจูนเครื่องอัปเกรดความเร็วให้รถผมฟรีๆ เลยเหรอครับ!?
DIALOGE_MT_1_4,Of course! Kindness for kindness!,แน่นอน! น้ำใจแลกน้ำใจไงล่ะ
DIALOGE_MT_1_5,The engine's in top shape now... Alright! Step on the gas and get us all to the top!,เครื่องฟิตเปรี๊ยะแล้ว... เอ้า! เหยียบให้มิด แล้วพาพวกเราทุกคนไปให้ถึงยอดเขากันเลย!
DIALOGE_V5_QUEST_1,Hey kid! You've got some muscle. Want to warm up and work up ass sweat?,เฮ้ยน้องชาย! หน่วยก้านไม่เลวเลยนี่ สนใจมาวอร์มอัพเรียกเหงื่อหน่อยมั้ย?
DIALOGE_V5_QUEST_2,"How do we warm up, boss?",วอร์มอัพยังไงครับลูกพี่?
DIALOGE_V5_QUEST_3,Come help me collect some coconuts from the beach!,ไปช่วยข้าเก็บ มะพร้าว ริมหาดมาทีสิ!
DIALOGE_V5_QUEST_4,"We need the coconut water to make whey protein for muscle building, but lately the coconut crabs have been stealing all our coconuts.",พวกเราต้องเอาน้ำมะพร้าวไปทำเวย์โปรตีนปั้นกล้าม แต่ช่วงนี้พวกปูมะพร้าวมันดุ แย่งลูกมะพร้าวพวกเราไปหมดเลย
DIALOGE_V5_QUEST_5,"Haha, sure! Consider it a stretch before we drive up the mountain.",ฮ่าๆ ได้เลยครับ ถือซะว่ายืดเส้นยืดสายก่อนขับรถขึ้นเขาละกัน
INTERACTION_FAIL_NEED_COCONUT,Coconuts are needed for delivery,ต้องการมะพร้าวเพื่อส่ง
INTERACTION_COLLECT_COCONUT,Press E to collect the coconut,กด E เพื่อเก็บมะพร้าว
DIALOGE_V5_REWARD_1,"Here you go, boss! Coconuts by the beach!",นี่ครับลูกพี่! มะพร้าวริมหาด
DIALOGE_V5_REWARD_2,Hahaha! Excellent! You're pretty strong! You've passed our village's warm-up test!,ฮ่าๆๆ ยอดเยี่ยม! เอ็งนี่มันแข็งแกร่งใช้ได้! สอบผ่านการวอร์มอัพของหมู่บ้านเราแล้ว!
DIALOGE_V5_REWARD_3,Here... take this gallon of fuel and fill up your car.,เอ้านี่... รับน้ำมันแกลลอนนี้ไปเติมรถซะ
DIALOGE_V5_REWARD_4,"And also, take this coconut whey protein. Now that you're energized, floor it and climb the hill, young man!",แล้วก็เอา เวย์โปรตีนมะพร้าวสกัด นี่ไปดกด้วย มีแรงแล้วก็เหยียบขึ้นเขาให้มิดไมล์ไปเลยไอ้หนุ่ม!
DIALOGE_V5_REWARD_5,"Thanks, boss! I'm fully energized now! Time to get back on my feet!",ขอบคุณครับลูกพี่! พลังมาเต็มรถเต็มคนเลย ขอตัวลุยต่อล่ะครับ!
DIALOGE_V6_1_1,That pickup truck... is it heading to the spring on the mountaintop?,รถกระบะคันนั้นน่ะ... จะมุ่งหน้าไปที่บ่อน้ำบนยอดเขาใช่ไหม?
DIALOGE_V6_1_2,"Yes, sir. Would you like a ride with us?",ใช่ครับพี่ พี่สนใจติดรถไปกับพวกเราไหมล่ะ?
DIALOGE_V6_1_3,I'd love to hitch a ride to see that clear spring on the mountaintop too!,ขอข้าติดรถไปเจอน้ำใสๆ บนยอดเขานั่นด้วยคนนะ
DIALOGE_V6_1_4,"Certainly, sir! Jump in the back of the truck, I'll give you a ride all the way there!",ยินดีเลยครับพี่! กระโดดขึ้นหลังรถมาเลย เดี๋ยวผมพาไปส่งถึงที่เอง!
DIALOGE_V6_2_1,"Wow, that suit is so cool! It even has fins on its back!",ชุดพี่เท่จังครับ มีครีบติดที่หลังด้วย!
DIALOGE_V6_2_2,Isn't that awesome!,เจ๋งใช่มั้ยล่ะ!
DIALOGE_V6_2_3,"These are the latest invention fins, they're super lightweight. I was thinking of showing them off to those muscle-bound guys in the village next door!",นี่ครีบประดิษฐ์รุ่นใหม่ล่าสุดเลยนะ น้ำหนักเบาหวิว ว่าจะเอาไปอวดพวกบ้ากล้ามที่หมู่บ้านข้างๆ ซะหน่อย!
DIALOGE_V6_3_1,What are you doing standing here with your cheeks puffed out?,พี่มายืนทำแก้มป่องอะไรตรงนี้ครับเนี่ย?
DIALOGE_V6_3_2,Shhh! I'm practicing holding my breath.,ชู่ว! ข้ากำลังฝึกกลั้นหายใจอยู่
DIALOGE_V6_3_3,The secret to being a sea person is having lungs of iron! Alright... Hup!,เคล็ดลับของการเป็นคนทะเลคือต้องปอดเหล็กเว้ย! เอ้า... ฮึบ!
DIALOGE_V6_4_1,"What delicious snacks do you have to recommend around here, Auntie?",แถวนี้มีอะไรอร่อยๆ แนะนำบ้างครับป้า?
DIALOGE_V6_4_2,"You have to try this! Crispy seaweed snacks, a local specialty!",ต้องนี่เลย สาหร่ายอบกรอบสูตรคนทะเล!
DIALOGE_V6_4_3,"Salty and savory, you'll be so engrossed in crunching that you'll forget all about climbing the mountain! Want to try a bag?""",เค็มๆ มันๆ เคี้ยวเพลินจนลืมทางขึ้นเขาแน่นอน ลองสักถุงมั้ยจ๊ะ?
DIALOGE_CAVE_1_1,Brother! The well of immortality is within reach!,พี่ครับ! บ่อน้ำอมฤตอยู่แค่เอื้อมแล้ว
DIALOGE_CAVE_1_2,Why is everyone sitting here so still? Don't you all want to be immortal?,ทำไมทุกคนถึงมานั่งนิ่งอยู่ตรงนี้ล่ะครับ ไม่อยากเป็นอมตะกันแล้วเหรอ?
DIALOGE_CAVE_1_3,"Immortality, huh?... Look back at the path we've traveled. How much damage has this world suffered?...",อมตะงั้นรึ?... เจ้าลองหันกลับไปมองเส้นทางที่ขับผ่านมาสิ โลกใบนี้มันบอบช้ำแค่ไหน...
DIALOGE_CAVE_1_4,We've decided to end our journey here...,พวกข้าตัดสินใจหยุดการเดินทางไว้แค่นี้แหละ...
DIALOGE_CAVE_1_5,Because what good is it to live forever if the world we live in is on the verge of collapse?,เพราะพวกข้าจะมีชีวิตยืนยาวเป็นอมตะไปทำไม หากโลกที่เราอาศัยกำลังจะพังทลายลง?
DIALOGE_CAVE_1_6,.....,.....
DIALOGE_CAVE_1_7,The true reward may not be in that well...,รางวัลที่แท้จริงอาจไม่ได้อยู่ในบ่อน้ำนั่นหรอกนะ...
DIALOGE_CAVE_1_8,"If you're ready, then go and find the answer for yourself.",ถ้าเจ้าพร้อมแล้ว ก็จงเดินเข้าไปค้นหาคำตอบด้วยตัวเองเถอะ
QUEST_STARTED_LEVEL_10,???,???
OLD_MAN_NAME,Old man,ผู้เฒ่า
VOICE_ACTOR_CREDIT,Voice actor,นักพากย์
OPTION_VA,Voice Over,เสียงพากย์
ON_INTERACTION_PLACE_STATUE,Press E to place statue,กด E เพื่อวางรูปปั้น
INTERACTION_FAIL_NEED_STATUE,Need a statue,ต้องการรูปปั้น
INTERACTION_FAIL_CAN_USE_AT_DAY,Can only be used in the day,สามารถใช้ได้แค่ตอนกลางวันเท่านั้น
ARCHIVEMENT_TITLE,Journey Milestones,บันทึกการเดินทาง
ARCHIVEMENT_DESC,Every friend made and every path cleared. Look back at the memories you've created along the way.,ทุกเพื่อนร่วมทางที่พานพบ และทุกเส้นทางที่ถูกฟื้นฟู... ทบทวนเรื่องราวและความทรงจำที่คุณได้สร้างไว้ตลอดการเดินทาง
ARCHIVEMENT_VILLAGE_1_TITLE,Beara's Blessing,พรแห่งศรัทธาคาปิบาร่า
ARCHIVEMENT_VILLAGE_1_DESC,"Cleanse the ancient statue, offer your first scrap, and earn a magical item from the peaceful villagers.",ชำระล้างรูปปั้นโบราณ โยนเศษขยะชิ้นแรกเพื่อแลกไอเทม และซึมซับความสงบจากชาวบ้านใจเย็น
ARCHIVEMENT_VILLAGE_2_TITLE,The Tech-Savvy Farmer,เกษตรกรไซบอร์ก
ARCHIVEMENT_VILLAGE_2_DESC,Neutralize the acidic soil with the robot's help and successfully grow your very first batch of rice.,ร่วมมือกับหุ่นยนต์ใช้ผงปูนขาวปรับสภาพดินเปรี้ยว และปลูกข้าวรวงแรกแห่งวิสุทธิมณฑลได้สำเร็จ
ARCHIVEMENT_VILLAGE_3_TITLE,Master of Compost,ปรุงดิน กินด้วย
ARCHIVEMENT_VILLAGE_3_DESC,Turn food waste into organic compost and serve a perfect meal to the hungry villagers.,เปลี่ยนเศษอาหารเหลือทิ้งให้กลายเป็นปุ๋ยหมักชั้นดี และปรุงอาหารมื้ออร่อยให้ชาวบ้านนักชิม
ARCHIVEMENT_VILLAGE_4_TITLE,The Midnight Alchemist,นักปรุงยารัตติกาล
ARCHIVEMENT_VILLAGE_4_DESC,Brew the correct glowing potions for the night hunters and survive their hilariously disastrous weapon tests.,ปรุงยาสมุนไพรเรืองแสงให้เหล่านักล่าราตรี และเอาชีวิตรอดจากการทดสอบอาวุธสุดพังของพวกเขา
ARCHIVEMENT_VILLAGE_5_TITLE,Coconut Crusher,สุดยอดนักกล้ามปูมะพร้าว
ARCHIVEMENT_VILLAGE_5_DESC,"Survive the coconut crabs, finish the heavy workout, and earn the ultimate friendship engine upgrade.",รอดพ้นจากดงปูมะพร้าว ผ่านการวอร์มอัพสุดโหดริมหาด และได้รับอัปเกรดเครื่องยนต์มิตรภาพฟรี!
ARCHIVEMENT_VILLAGE_6_TITLE,Tears of the Dried Ocean,มนุษย์ครีบบนผืนทราย
ARCHIVEMENT_VILLAGE_6_DESC,"Witness the tragic dried ocean filled with trash, and bring hope to the finned villagers by offering them a ride.",ขับรถข้ามอดีตมหาสมุทรที่แห้งขอดเพราะขยะ และมอบความหวังครั้งใหม่ให้ชาวบ้านคนทะเลได้ติดรถไปด้วย
NO_ARCHIVEMENT_MSG,"No achievements yet. Are you just going to sleep in the truck, or are we going to find that Amrit pool?",ยังไม่มีความสำเร็จเลยสักถ้วย นี่จะจอดรถนอนหลับเฉยๆ หรือจะไปตามหาน้ำอมฤตกันเนี่ย?
